,LSTM,LSTM-relu-fat,LSTM-relu-skinny,LSTM-relu-tall,RNN,RNN-relu-fat,RNN-relu-skinny,RNN-relu-tall,GRU,GRU-relu-fat,GRU-relu-skinny,GRU-relu-tall,BILSTM,BILSTM-relu-fat,BILSTM-relu-skinny,BILSTM-relu-tall,AveragePooling,MaxPooling
Accuracy,0.800259965337955,0.6425476603119584,0.9025129982668978,0.6425476603119584,0.6425476603119584,0.6425476603119584,0.6425476603119584,0.6425476603119584,0.9107452339688041,0.6425476603119584,0.6425476603119584,0.6425476603119584,0.9042461005199307,0.9111785095320624,0.902946273830156,0.9116117850953206,0.9081455805892548,0.860051993067591
Precision,0.7420212765957447,0.0,0.9385964912280702,0.0,0.0,0.0,0.0,0.0,0.873341375150784,0.0,0.0,0.0,0.8803526448362721,0.9046997389033943,0.8837803320561941,0.8876404494382022,0.8855345911949686,0.7752192982456141
Recall,0.6763636363636364,0.0,0.7781818181818182,0.0,0.0,0.0,0.0,0.0,0.8775757575757576,0.0,0.0,0.0,0.8472727272727273,0.84,0.8387878787878787,0.8618181818181818,0.8533333333333334,0.8569696969696969
F1_score,0.7076727964489538,0.0,0.8508946322067593,0.0,0.0,0.0,0.0,0.0,0.8754534461910519,0.0,0.0,0.0,0.8634959851760345,0.8711502199874293,0.8606965174129353,0.8745387453874538,0.8691358024691359,0.8140472078295913
