,LSTM,LSTM-Skinny,LSTM-relu-fat,LSTM-relu-skinny,LSTM-relu-tall,RNN,RNN-relu-fat,RNN-relu-skinny,RNN-relu-tall,GRU,GRU-relu-fat,GRU-relu-skinny,GRU-relu-tall,BILSTM,BILSTM-relu-fat,BILSTM-relu-skinny,BILSTM-relu-tall,AveragePooling,MaxPooling
Accuracy,0.919844020797227,0.9172443674176777,0.9111785095320624,0.9176776429809359,0.9163778162911612,0.9059792027729636,0.9176776429809359,0.9111785095320624,0.9137781629116117,0.9189774696707106,0.9133448873483535,0.9176776429809359,0.915944540727903,0.9181109185441941,0.91421143847487,0.9181109185441941,0.9155112651646448,0.91421143847487,0.895580589254766
Precision,0.8855421686746988,0.9033078880407125,0.900516795865633,0.9107373868046572,0.8816425120772947,0.9010554089709762,0.9205298013245033,0.9078947368421053,0.89125,0.8899755501222494,0.8920953575909661,0.8983688833124216,0.8909541511771994,0.8887530562347188,0.8809234507897934,0.9320652173913043,0.9233870967741935,0.9087353324641461,0.9
Recall,0.8909090909090909,0.8606060606060606,0.8448484848484848,0.8533333333333334,0.8848484848484849,0.8278787878787879,0.8424242424242424,0.8363636363636363,0.8642424242424243,0.8824242424242424,0.8618181818181818,0.8678787878787879,0.8715151515151515,0.8812121212121212,0.8787878787878788,0.8315151515151515,0.8327272727272728,0.8448484848484848,0.7963636363636364
F1_score,0.8882175226586103,0.8814400993171942,0.8717948717948718,0.8811013767209012,0.8832425892317,0.862918509159823,0.879746835443038,0.8706624605678233,0.8775384615384615,0.8861838101034692,0.8766954377311962,0.8828606658446363,0.881127450980392,0.8849665246500305,0.8798543689320388,0.8789237668161436,0.875717017208413,0.8756281407035177,0.845016077170418
