,LSTM,LSTM-relu-fat,LSTM-relu-skinny,LSTM-relu-tall,RNN,RNN-relu-fat,RNN-relu-skinny,RNN-relu-tall,GRU,GRU-relu-fat,GRU-relu-skinny,GRU-relu-tall,BILSTM,BILSTM-relu-fat,BILSTM-relu-skinny,BILSTM-relu-tall,AveragePooling,MaxPooling
Accuracy,0.902946274,0.910745234,0.912911612,0.910311958,0.885181976,0.902512998,0.909012132,0.916811092,0.909878683,0.916377816,0.909012132,0.917244367,0.909445407,0.91117851,0.913778163,0.910311958,0.907279029,0.896880416
Precision,0.928673324,0.875151515,0.922764228,0.90234375,0.914201183,0.86407767,0.903014417,0.909443726,0.890012642,0.898989899,0.858809802,0.917105263,0.857308585,0.904699739,0.901282051,0.887218045,0.882352941,0.888741722
Recall,0.789090909,0.875151515,0.825454545,0.84,0.749090909,0.863030303,0.835151515,0.852121212,0.853333333,0.863030303,0.892121212,0.844848485,0.895757576,0.84,0.852121212,0.858181818,0.854545455,0.813333333
F1_score,0.853211009,0.875151515,0.871401152,0.870056497,0.823451033,0.863553669,0.867758186,0.879849812,0.871287129,0.880643166,0.875148633,0.879495268,0.87611144,0.87115022,0.876012461,0.87245841,0.868226601,0.849367089
